{
  "result_points": 0.30829409460454177,
  "project": 0.21061868130988226,
  "exam": 0.1765040102986361,
  "project_grade_FX": 0.12300695593784935,
  "tests": 0.06177769648697232,
  "tests_grade_FX": 0.03566425353704671,
  "project_grade_A": 0.029042075991529612,
  "access": 0.020405059499383617,
  "assignments": 0.01799971543717048,
  "project_grade_B": 0.007441758367399684,
  "project_grade_E": 0.003478789477359364,
  "project_grade_C": 0.002685965384348237,
  "tests_grade_D": 0.0012095391174803637,
  "tests_grade_E": 0.0009067066265005624,
  "tests_grade_C": 0.0008227344855372075,
  "tests_grade_A": 0.00014196343836229305,
  "tests_grade_0": 0.0,
  "project_grade_0": 0.0
}