{
  "accuracy": 0.95,
  "precision": 0.9574468085106383,
  "recall": 0.9782608695652174,
  "f1_score": 0.967741935483871,
  "roc_auc": 0.9891304347826086,
  "train_seconds": 64.7,
  "n_train": 261,
  "n_test": 60
}